{
  "project_info": {
    "project_number": "547863707475",
    "firebase_url": "https://fir-crud-app-ee10e-default-rtdb.firebaseio.com",
    "project_id": "fir-crud-app-ee10e",
    "storage_bucket": "fir-crud-app-ee10e.appspot.com"
  },
  "client": [
    {
      "client_info": {
        "mobilesdk_app_id": "1:547863707475:android:120fd69e1e34742642aba6",
        "android_client_info": {
          "package_name": "com.example.practicasupervisada2021cabt"
        }
      },
      "oauth_client": [
        {
          "client_id": "547863707475-1ofgl0nrd4mkovhl6l4b1vh3tp5nhh2j.apps.googleusercontent.com",
          "client_type": 3
        }
      ],
      "api_key": [
        {
          "current_key": "AIzaSyCuRpnRMTnMqG7O8GSGkp3NRf6x-FelGRs"
        }
      ],
      "services": {
        "appinvite_service": {
          "other_platform_oauth_client": [
            {
              "client_id": "547863707475-1ofgl0nrd4mkovhl6l4b1vh3tp5nhh2j.apps.googleusercontent.com",
              "client_type": 3
            }
          ]
        }
      }
    }
  ],
  "configuration_version": "1"
}